<?xml version="1.0" encoding="UTF-8"?>
<GenRun Id="impl_1" LaunchPart="xc7a35tcpg236-1" LaunchTime="1653838584">
  <File Type="ROUTE-PWR" Name="audio_console_wrapper_power_routed.rpt"/>
  <File Type="PA-TCL" Name="audio_console_wrapper.tcl"/>
  <File Type="ROUTE-PWR-SUM" Name="audio_console_wrapper_power_summary_routed.pb"/>
  <File Type="REPORTS-TCL" Name="audio_console_wrapper_reports.tcl"/>
  <File Type="BITSTR-MSK" Name="audio_console_wrapper.msk"/>
  <File Type="ROUTE-CLK" Name="audio_console_wrapper_clock_utilization_routed.rpt"/>
  <File Type="RDI-RDI" Name="audio_console_wrapper.vdi"/>
  <File Type="BG-BIT" Name="audio_console_wrapper.bit"/>
  <File Type="BG-DRC" Name="audio_console_wrapper.drc"/>
  <File Type="BG-BGN" Name="audio_console_wrapper.bgn"/>
  <File Type="BG-BIN" Name="audio_console_wrapper.bin"/>
  <File Type="BITSTR-RBT" Name="audio_console_wrapper.rbt"/>
  <File Type="BITSTR-NKY" Name="audio_console_wrapper.nky"/>
  <File Type="BITSTR-BMM" Name="audio_console_wrapper_bd.bmm"/>
  <File Type="ROUTE-METHODOLOGY-DRC" Name="audio_console_wrapper_methodology_drc_routed.rpt"/>
  <File Type="BITSTR-MMI" Name="audio_console_wrapper.mmi"/>
  <File Type="BITSTR-SYSDEF" Name="audio_console_wrapper.sysdef"/>
  <File Type="BITSTR-LTX" Name="debug_nets.ltx"/>
  <File Type="BITSTR-LTX" Name="audio_console_wrapper.ltx"/>
  <File Type="WBT-USG" Name="usage_statistics_webtalk.html"/>
  <File Type="OPT-DRC" Name="audio_console_wrapper_drc_opted.rpt"/>
  <File Type="OPT-HWDEF" Name="audio_console_wrapper.hwdef"/>
  <File Type="PLACE-IO" Name="audio_console_wrapper_io_placed.rpt"/>
  <File Type="PLACE-UTIL" Name="audio_console_wrapper_utilization_placed.rpt"/>
  <File Type="PLACE-UTIL-PB" Name="audio_console_wrapper_utilization_placed.pb"/>
  <File Type="PLACE-CTRL" Name="audio_console_wrapper_control_sets_placed.rpt"/>
  <File Type="PLACE-PRE-SIMILARITY" Name="audio_console_wrapper_incremental_reuse_pre_placed.rpt"/>
  <File Type="ROUTE-DRC" Name="audio_console_wrapper_drc_routed.rpt"/>
  <File Type="ROUTE-DRC-PB" Name="audio_console_wrapper_drc_routed.pb"/>
  <File Type="ROUTE-PWR-RPX" Name="audio_console_wrapper_power_routed.rpx"/>
  <File Type="ROUTE-STATUS" Name="audio_console_wrapper_route_status.rpt"/>
  <File Type="ROUTE-STATUS-PB" Name="audio_console_wrapper_route_status.pb"/>
  <File Type="ROUTE-DCP" Name="audio_console_wrapper_routed.dcp"/>
  <File Type="ROUTE-ERROR-DCP" Name="audio_console_wrapper_routed_error.dcp"/>
  <File Type="ROUTE-BLACKBOX-DCP" Name="audio_console_wrapper_routed_bb.dcp"/>
  <File Type="ROUTE-TIMINGSUMMARY" Name="audio_console_wrapper_timing_summary_routed.rpt"/>
  <File Type="ROUTE-TIMING-PB" Name="audio_console_wrapper_timing_summary_routed.pb"/>
  <File Type="ROUTE-TIMING-RPX" Name="audio_console_wrapper_timing_summary_routed.rpx"/>
  <File Type="ROUTE-BUS-SKEW" Name="audio_console_wrapper_bus_skew_routed.rpt"/>
  <File Type="ROUTE-BUS-SKEW-PB" Name="audio_console_wrapper_bus_skew_routed.pb"/>
  <File Type="ROUTE-BUS-SKEW-RPX" Name="audio_console_wrapper_bus_skew_routed.rpx"/>
  <File Type="OPT-DCP" Name="audio_console_wrapper_opt.dcp"/>
  <File Type="PLACE-DCP" Name="audio_console_wrapper_placed.dcp"/>
  <File Type="PWROPT-DCP" Name="audio_console_wrapper_pwropt.dcp"/>
  <File Type="POSTPLACE-PWROPT-DCP" Name="audio_console_wrapper_postplace_pwropt.dcp"/>
  <File Type="PHYSOPT-DCP" Name="audio_console_wrapper_physopt.dcp"/>
  <File Type="POSTROUTE-PHYSOPT-DCP" Name="audio_console_wrapper_postroute_physopt.dcp"/>
  <File Type="POSTROUTE-PHYSOPT-BLACKBOX-DCP" Name="audio_console_wrapper_postroute_physopt_bb.dcp"/>
  <File Type="ROUTE-METHODOLOGY-DRC-PB" Name="audio_console_wrapper_methodology_drc_routed.pb"/>
  <File Type="ROUTE-DRC-RPX" Name="audio_console_wrapper_drc_routed.rpx"/>
  <File Type="ROUTE-METHODOLOGY-DRC-RPX" Name="audio_console_wrapper_methodology_drc_routed.rpx"/>
  <File Type="PDI-FILE" Name="audio_console_wrapper.pdi"/>
  <File Type="RCFI_FILE" Name="audio_console_wrapper.rcfi"/>
  <File Type="CFI_FILE" Name="audio_console_wrapper.cfi"/>
  <File Type="RNPI_FILE" Name="audio_console_wrapper.rnpi"/>
  <File Type="NPI_FILE" Name="audio_console_wrapper.npi"/>
  <File Type="RBD_FILE" Name="audio_console_wrapper.rbd"/>
  <FileSet Name="sources" Type="DesignSrcs" RelSrcDir="$PSRCDIR/sources_1" RelGenDir="$PGENDIR/sources_1">
    <Filter Type="Srcs"/>
    <File Path="$PSRCDIR/sources_1/imports/LAB3/digilent_jstk2_encrypted.vhd">
      <FileInfo>
        <Attr Name="ImportPath" Val="$PPRDIR/../../../../MS_Electronics/DESD/Laboratories/LAB3/digilent_jstk2_encrypted.vhd"/>
        <Attr Name="ImportTime" Val="1652628815"/>
        <Attr Name="UsedIn" Val="synthesis"/>
        <Attr Name="UsedIn" Val="simulation"/>
      </FileInfo>
    </File>
    <File Path="$PSRCDIR/sources_1/new/debouncer.vhd">
      <FileInfo>
        <Attr Name="ImportPath" Val="$PPRDIR/../../../../LAB3_Audio_Console/LAB3_Audio_Console.srcs/sources_1/new/debouncer.vhd"/>
        <Attr Name="ImportTime" Val="1653128538"/>
        <Attr Name="UsedIn" Val="synthesis"/>
        <Attr Name="UsedIn" Val="simulation"/>
      </FileInfo>
    </File>
    <File Path="$PSRCDIR/sources_1/new/edge_detector.vhd">
      <FileInfo>
        <Attr Name="ImportPath" Val="$PPRDIR/../../../../LAB3_Audio_Console/LAB3_Audio_Console.srcs/sources_1/new/edge_detector.vhd"/>
        <Attr Name="ImportTime" Val="1653128538"/>
        <Attr Name="UsedIn" Val="synthesis"/>
        <Attr Name="UsedIn" Val="simulation"/>
      </FileInfo>
    </File>
    <File Path="$PSRCDIR/sources_1/new/led_controller.vhd">
      <FileInfo>
        <Attr Name="ImportPath" Val="$PPRDIR/../../../../LAB3_Audio_Console/LAB3_Audio_Console.srcs/sources_1/new/led_controller.vhd"/>
        <Attr Name="ImportTime" Val="1653141175"/>
        <Attr Name="UsedIn" Val="synthesis"/>
        <Attr Name="UsedIn" Val="simulation"/>
      </FileInfo>
    </File>
    <File Path="$PSRCDIR/sources_1/new/mute.vhd">
      <FileInfo>
        <Attr Name="ImportPath" Val="$PPRDIR/../../../../LAB3_Audio_Console/LAB3_Audio_Console.srcs/sources_1/new/mute.vhd"/>
        <Attr Name="ImportTime" Val="1653141276"/>
        <Attr Name="UsedIn" Val="synthesis"/>
        <Attr Name="UsedIn" Val="simulation"/>
      </FileInfo>
    </File>
    <File Path="$PSRCDIR/sources_1/new/balance_controller.vhd">
      <FileInfo>
        <Attr Name="ImportPath" Val="$PPRDIR/../../../../LAB3_Audio_Console/LAB3_Audio_Console.srcs/sources_1/new/balance_controller.vhd"/>
        <Attr Name="ImportTime" Val="1653205273"/>
        <Attr Name="UsedIn" Val="synthesis"/>
        <Attr Name="UsedIn" Val="simulation"/>
      </FileInfo>
    </File>
    <File Path="$PSRCDIR/sources_1/new/volume_controller.vhd">
      <FileInfo>
        <Attr Name="ImportPath" Val="$PPRDIR/../../../../LAB3_Audio_Console/LAB3_Audio_Console.srcs/sources_1/new/volume_controller.vhd"/>
        <Attr Name="ImportTime" Val="1653205242"/>
        <Attr Name="UsedIn" Val="synthesis"/>
        <Attr Name="UsedIn" Val="simulation"/>
      </FileInfo>
    </File>
    <File Path="$PSRCDIR/sources_1/new/dual_moving_average.vhd">
      <FileInfo>
        <Attr Name="ImportPath" Val="$PPRDIR/../../../../LAB3_Audio_Console/LAB3_Audio_Console.srcs/sources_1/new/dual_moving_average.vhd"/>
        <Attr Name="ImportTime" Val="1653147025"/>
        <Attr Name="UsedIn" Val="synthesis"/>
        <Attr Name="UsedIn" Val="simulation"/>
      </FileInfo>
    </File>
    <File Path="$PSRCDIR/sources_1/bd/audio_console/audio_console.bd">
      <FileInfo>
        <Attr Name="ImportPath" Val="$PPRDIR/../../../../LAB3_Audio_Console/LAB3_Audio_Console.srcs/sources_1/bd/audio_console/audio_console.bd"/>
        <Attr Name="ImportTime" Val="1653206313"/>
        <Attr Name="UsedIn" Val="synthesis"/>
        <Attr Name="UsedIn" Val="implementation"/>
        <Attr Name="UsedIn" Val="simulation"/>
      </FileInfo>
    </File>
    <File Path="$PSRCDIR/sources_1/imports/audio_console_wrapper.vhd">
      <FileInfo>
        <Attr Name="ImportPath" Val="$PPRDIR/../../../../LAB3_Audio_Console/LAB3_Audio_Console.gen/sources_1/bd/audio_console/hdl/audio_console_wrapper.vhd"/>
        <Attr Name="ImportTime" Val="1653144329"/>
        <Attr Name="UsedIn" Val="synthesis"/>
        <Attr Name="UsedIn" Val="simulation"/>
      </FileInfo>
    </File>
    <File Path="$PSRCDIR/sources_1/imports/LAB3_Audio_Console/archive_project_summary.txt">
      <FileInfo>
        <Attr Name="ImportPath" Val="$PPRDIR/../../../Downloads/LAB3_Audio_Console.xpr/LAB3_Audio_Console/archive_project_summary.txt"/>
        <Attr Name="ImportTime" Val="1653407216"/>
      </FileInfo>
    </File>
    <Config>
      <Option Name="DesignMode" Val="RTL"/>
      <Option Name="TopModule" Val="audio_console_wrapper"/>
    </Config>
  </FileSet>
  <FileSet Name="constrs_in" Type="Constrs" RelSrcDir="$PSRCDIR/constrs_1">
    <Filter Type="Constrs"/>
    <File Path="$PSRCDIR/constrs_1/new/IO.xdc">
      <FileInfo>
        <Attr Name="ImportPath" Val="$PPRDIR/../../../LAB3_Audio_Console/LAB3_Audio_Console.srcs/constrs_1/new/IO.xdc"/>
        <Attr Name="ImportTime" Val="1653256151"/>
        <Attr Name="UsedIn" Val="synthesis"/>
        <Attr Name="UsedIn" Val="implementation"/>
      </FileInfo>
    </File>
    <Config>
      <Option Name="TargetConstrsFile" Val="$PSRCDIR/constrs_1/new/IO.xdc"/>
      <Option Name="ConstrsType" Val="XDC"/>
    </Config>
  </FileSet>
  <FileSet Name="utils" Type="Utils" RelSrcDir="$PSRCDIR/utils_1">
    <Filter Type="Utils"/>
    <Config>
      <Option Name="TopAutoSet" Val="TRUE"/>
    </Config>
  </FileSet>
  <Strategy Version="1" Minor="2">
    <StratHandle Name="Vivado Implementation Defaults" Flow="Vivado Implementation 2020"/>
    <Step Id="init_design"/>
    <Step Id="opt_design"/>
    <Step Id="power_opt_design"/>
    <Step Id="place_design"/>
    <Step Id="post_place_power_opt_design"/>
    <Step Id="phys_opt_design"/>
    <Step Id="route_design"/>
    <Step Id="post_route_phys_opt_design"/>
    <Step Id="write_bitstream"/>
    <Step Id="write_device_image"/>
  </Strategy>
  <BlockFileSet Type="BlockSrcs" Name="audio_console_debouncer_1_0"/>
  <BlockFileSet Type="BlockSrcs" Name="audio_console_led_controller_0_0"/>
  <BlockFileSet Type="BlockSrcs" Name="audio_console_volume_controller_0_0"/>
  <BlockFileSet Type="BlockSrcs" Name="audio_console_balance_controller_0_0"/>
  <BlockFileSet Type="BlockSrcs" Name="audio_console_debouncer_0_0"/>
  <BlockFileSet Type="BlockSrcs" Name="audio_console_edge_detector_1_0"/>
  <BlockFileSet Type="BlockSrcs" Name="audio_console_digilent_jstk2_0_0"/>
  <BlockFileSet Type="BlockSrcs" Name="audio_console_axis_dual_i2s_0_0"/>
  <BlockFileSet Type="BlockSrcs" Name="audio_console_mute_0_1"/>
  <BlockFileSet Type="BlockSrcs" Name="audio_console_dual_moving_average_0_0"/>
  <BlockFileSet Type="BlockSrcs" Name="audio_console_edge_detector_0_0"/>
</GenRun>
