<?xml version="1.0" encoding="UTF-8"?>
<!-- Product Version: Vivado v2020.2 (64-bit)                     -->
<!--                                                              -->
<!-- Copyright 1986-2020 Xilinx, Inc. All Rights Reserved.        -->

<hwsession version="1" minor="2">
  <device name="xc7a35t_0" gui_info="dashboard1=hw_ila_1[xc7a35t_0/hw_ila_1/Settings=ILA_SETTINGS_1;xc7a35t_0/hw_ila_1/Status=ILA_STATUS_1;xc7a35t_0/hw_ila_1/Trigger Setup=ILA_TRIGGER_1;xc7a35t_0/hw_ila_1/Waveform=ILA_WAVE_1;xc7a35t_0/hw_ila_1/Capture Setup=ILA_CAPTURE_1;]"/>
  <ObjectList object_type="hw_device" gui_info="">
    <Object name="xc7a35t_0" gui_info="">
      <Properties Property="FULL_PROBES.FILE" value=""/>
      <Properties Property="PROBES.FILE" value=""/>
      <Properties Property="PROGRAM.HW_BITSTREAM" value="$_project_name_.runs/impl_1/design_inerface_wrapper.bit"/>
      <Properties Property="SLR.COUNT" value="1"/>
    </Object>
  </ObjectList>
  <ObjectList object_type="hw_ila" gui_info="">
    <Object name="design_inerface_i/system_ila_0/U0/ila_lib" gui_info="">
      <Properties Property="CONTROL.DATA_DEPTH" value="64"/>
      <Properties Property="CONTROL.TRIGGER_CONDITION" value="AND"/>
      <Properties Property="CONTROL.TRIGGER_POSITION" value="32"/>
      <Properties Property="CONTROL.WINDOW_COUNT" value="10"/>
      <Properties Property="CORE_REFRESH_RATE_MS" value="500"/>
    </Object>
  </ObjectList>
  <ObjectList object_type="hw_probe" gui_info="">
    <Object name="design_inerface_i/system_ila_0/U0/net_slot_0_apc_pc_asserted" gui_info=""/>
    <Object name="design_inerface_i/system_ila_0/U0/net_slot_0_axis_tdata[31:0]" gui_info=""/>
    <Object name="design_inerface_i/system_ila_0/U0/net_slot_0_axis_tvalid" gui_info="Trigger Setup=2"/>
    <Object name="design_inerface_i/system_ila_0/U0/net_slot_1_axis_tready" gui_info="Trigger Setup=3"/>
    <Object name="design_inerface_i/system_ila_0/U0/net_slot_1_axis_tvalid" gui_info="Trigger Setup=4"/>
    <Object name="design_inerface_i/system_ila_0/U0/net_slot_2_axis_tready" gui_info="Trigger Setup=1"/>
    <Object name="design_inerface_i/system_ila_0/U0/net_slot_2_axis_tvalid" gui_info="Trigger Setup=5"/>
    <Object name="design_inerface_i/system_ila_0/U0/net_slot_3_axis_tready" gui_info="Trigger Setup=6"/>
    <Object name="design_inerface_i/system_ila_0/U0/net_slot_3_axis_tvalid" gui_info="Trigger Setup=0"/>
    <Object name="design_inerface_i/system_ila_0/U0/probe0_1[9:0]" gui_info="Trigger Setup=0"/>
  </ObjectList>
  <ObjectList object_type="hw_sysmon" gui_info="">
    <Object name="XADC" gui_info="dashboard_1=[TEMPERATURE=-65281;SCAN_RATE=1000;TRACK_TIME=1;]"/>
  </ObjectList>
  <probeset name="hw project" active="false">
    <probe type="ila" busType="net" source="netlist" spec="ILA_V2_RT">
      <probeOptions Id="DebugProbeParams">
        <Option Id="CAPTURE_COMPARE_VALUE" value="eq1&apos;bX"/>
        <Option Id="COMPARE_VALUE.0" value="eq1&apos;hX"/>
        <Option Id="DISPLAY_AS_ENUM" value="1"/>
        <Option Id="DISPLAY_HINT" value=""/>
        <Option Id="DISPLAY_RADIX" value="HEX"/>
        <Option Id="DISPLAY_VISIBILITY" value=""/>
        <Option Id="HW_ILA" value="hw_ila_1"/>
        <Option Id="LINK_TO_WAVEFORM" value="1"/>
        <Option Id="MAP" value="probe3[0]"/>
        <Option Id="NAME.CUSTOM" value="slot_0 : axi4stream_spi_master_0_M_AXIS : Protocol Checker Assertion"/>
        <Option Id="NAME.SELECT" value="Custom"/>
        <Option Id="SOURCE" value="netlist"/>
        <Option Id="TRIGGER_COMPARE_VALUE" value="eq1&apos;hX"/>
        <Option Id="WAVEFORM_STYLE" value="Digital"/>
      </probeOptions>
      <nets>
        <net name="design_inerface_i/system_ila_0/U0/net_slot_0_apc_pc_asserted"/>
      </nets>
    </probe>
    <probe type="ila" busType="bus" source="netlist" spec="ILA_V2_RT">
      <probeOptions Id="DebugProbeParams">
        <Option Id="CAPTURE_COMPARE_VALUE" value="eq32&apos;hXXXX_XXXX"/>
        <Option Id="COMPARE_VALUE.0" value="eq32&apos;hXXXX_XXXX"/>
        <Option Id="DISPLAY_AS_ENUM" value="1"/>
        <Option Id="DISPLAY_HINT" value=""/>
        <Option Id="DISPLAY_RADIX" value="HEX"/>
        <Option Id="DISPLAY_VISIBILITY" value=""/>
        <Option Id="HW_ILA" value="hw_ila_1"/>
        <Option Id="LINK_TO_WAVEFORM" value="1"/>
        <Option Id="MAP" value="probe7[31:0]"/>
        <Option Id="NAME.CUSTOM" value=""/>
        <Option Id="NAME.SELECT" value="Long"/>
        <Option Id="SOURCE" value="netlist"/>
        <Option Id="TRIGGER_COMPARE_VALUE" value="eq32&apos;hXXXX_XXXX"/>
        <Option Id="WAVEFORM_STYLE" value="Digital"/>
      </probeOptions>
      <nets>
        <net name="design_inerface_i/system_ila_0/U0/net_slot_0_axis_tdata[31]"/>
        <net name="design_inerface_i/system_ila_0/U0/net_slot_0_axis_tdata[30]"/>
        <net name="design_inerface_i/system_ila_0/U0/net_slot_0_axis_tdata[29]"/>
        <net name="design_inerface_i/system_ila_0/U0/net_slot_0_axis_tdata[28]"/>
        <net name="design_inerface_i/system_ila_0/U0/net_slot_0_axis_tdata[27]"/>
        <net name="design_inerface_i/system_ila_0/U0/net_slot_0_axis_tdata[26]"/>
        <net name="design_inerface_i/system_ila_0/U0/net_slot_0_axis_tdata[25]"/>
        <net name="design_inerface_i/system_ila_0/U0/net_slot_0_axis_tdata[24]"/>
        <net name="design_inerface_i/system_ila_0/U0/net_slot_0_axis_tdata[23]"/>
        <net name="design_inerface_i/system_ila_0/U0/net_slot_0_axis_tdata[22]"/>
        <net name="design_inerface_i/system_ila_0/U0/net_slot_0_axis_tdata[21]"/>
        <net name="design_inerface_i/system_ila_0/U0/net_slot_0_axis_tdata[20]"/>
        <net name="design_inerface_i/system_ila_0/U0/net_slot_0_axis_tdata[19]"/>
        <net name="design_inerface_i/system_ila_0/U0/net_slot_0_axis_tdata[18]"/>
        <net name="design_inerface_i/system_ila_0/U0/net_slot_0_axis_tdata[17]"/>
        <net name="design_inerface_i/system_ila_0/U0/net_slot_0_axis_tdata[16]"/>
        <net name="design_inerface_i/system_ila_0/U0/net_slot_0_axis_tdata[15]"/>
        <net name="design_inerface_i/system_ila_0/U0/net_slot_0_axis_tdata[14]"/>
        <net name="design_inerface_i/system_ila_0/U0/net_slot_0_axis_tdata[13]"/>
        <net name="design_inerface_i/system_ila_0/U0/net_slot_0_axis_tdata[12]"/>
        <net name="design_inerface_i/system_ila_0/U0/net_slot_0_axis_tdata[11]"/>
        <net name="design_inerface_i/system_ila_0/U0/net_slot_0_axis_tdata[10]"/>
        <net name="design_inerface_i/system_ila_0/U0/net_slot_0_axis_tdata[9]"/>
        <net name="design_inerface_i/system_ila_0/U0/net_slot_0_axis_tdata[8]"/>
        <net name="design_inerface_i/system_ila_0/U0/net_slot_0_axis_tdata[7]"/>
        <net name="design_inerface_i/system_ila_0/U0/net_slot_0_axis_tdata[6]"/>
        <net name="design_inerface_i/system_ila_0/U0/net_slot_0_axis_tdata[5]"/>
        <net name="design_inerface_i/system_ila_0/U0/net_slot_0_axis_tdata[4]"/>
        <net name="design_inerface_i/system_ila_0/U0/net_slot_0_axis_tdata[3]"/>
        <net name="design_inerface_i/system_ila_0/U0/net_slot_0_axis_tdata[2]"/>
        <net name="design_inerface_i/system_ila_0/U0/net_slot_0_axis_tdata[1]"/>
        <net name="design_inerface_i/system_ila_0/U0/net_slot_0_axis_tdata[0]"/>
      </nets>
    </probe>
    <probe type="ila" busType="net" source="netlist" spec="ILA_V2_RT">
      <probeOptions Id="DebugProbeParams">
        <Option Id="CAPTURE_COMPARE_VALUE" value="eq1&apos;bX"/>
        <Option Id="COMPARE_VALUE.0" value="eq1&apos;bX"/>
        <Option Id="DISPLAY_AS_ENUM" value="1"/>
        <Option Id="DISPLAY_HINT" value=""/>
        <Option Id="DISPLAY_RADIX" value="HEX"/>
        <Option Id="DISPLAY_VISIBILITY" value=""/>
        <Option Id="HW_ILA" value="hw_ila_1"/>
        <Option Id="LINK_TO_WAVEFORM" value="1"/>
        <Option Id="MAP" value="probe9[0]"/>
        <Option Id="NAME.CUSTOM" value=""/>
        <Option Id="NAME.SELECT" value="Long"/>
        <Option Id="SOURCE" value="netlist"/>
        <Option Id="TRIGGER_COMPARE_VALUE" value="eq1&apos;bX"/>
        <Option Id="WAVEFORM_STYLE" value="Digital"/>
      </probeOptions>
      <nets>
        <net name="design_inerface_i/system_ila_0/U0/net_slot_0_axis_tlast"/>
      </nets>
    </probe>
    <probe type="ila" busType="net" source="netlist" spec="ILA_V2_RT">
      <probeOptions Id="DebugProbeParams">
        <Option Id="CAPTURE_COMPARE_VALUE" value="eq1&apos;bX"/>
        <Option Id="COMPARE_VALUE.0" value="eq1&apos;bX"/>
        <Option Id="DISPLAY_AS_ENUM" value="1"/>
        <Option Id="DISPLAY_HINT" value=""/>
        <Option Id="DISPLAY_RADIX" value="HEX"/>
        <Option Id="DISPLAY_VISIBILITY" value=""/>
        <Option Id="HW_ILA" value="hw_ila_1"/>
        <Option Id="LINK_TO_WAVEFORM" value="1"/>
        <Option Id="MAP" value="probe8[0]"/>
        <Option Id="NAME.CUSTOM" value=""/>
        <Option Id="NAME.SELECT" value="Long"/>
        <Option Id="SOURCE" value="netlist"/>
        <Option Id="TRIGGER_COMPARE_VALUE" value="eq1&apos;bX"/>
        <Option Id="WAVEFORM_STYLE" value="Digital"/>
      </probeOptions>
      <nets>
        <net name="design_inerface_i/system_ila_0/U0/net_slot_0_axis_tvalid"/>
      </nets>
    </probe>
    <probe type="ila" busType="net" source="netlist" spec="ILA_V2_RT">
      <probeOptions Id="DebugProbeParams">
        <Option Id="CAPTURE_COMPARE_VALUE" value="eq1&apos;bX"/>
        <Option Id="COMPARE_VALUE.0" value="eq1&apos;bX"/>
        <Option Id="DISPLAY_AS_ENUM" value="1"/>
        <Option Id="DISPLAY_HINT" value=""/>
        <Option Id="DISPLAY_RADIX" value="HEX"/>
        <Option Id="DISPLAY_VISIBILITY" value=""/>
        <Option Id="HW_ILA" value="hw_ila_1"/>
        <Option Id="LINK_TO_WAVEFORM" value="1"/>
        <Option Id="MAP" value="probe8[0]"/>
        <Option Id="NAME.CUSTOM" value="slot_1 : AXI4Stream_UART_0_M00_AXIS_RX : Protocol Checker Assertion"/>
        <Option Id="NAME.SELECT" value="Custom"/>
        <Option Id="SOURCE" value="netlist"/>
        <Option Id="TRIGGER_COMPARE_VALUE" value="eq1&apos;bX"/>
        <Option Id="WAVEFORM_STYLE" value="Digital"/>
      </probeOptions>
      <nets>
        <net name="design_inerface_i/system_ila_0/U0/net_slot_1_apc_pc_asserted"/>
      </nets>
    </probe>
    <probe type="ila" busType="bus" source="netlist" spec="ILA_V2_RT">
      <probeOptions Id="DebugProbeParams">
        <Option Id="CAPTURE_COMPARE_VALUE" value="eq32&apos;hXXXX_XXXX"/>
        <Option Id="COMPARE_VALUE.0" value="eq32&apos;hXXXX_XXXX"/>
        <Option Id="DISPLAY_AS_ENUM" value="1"/>
        <Option Id="DISPLAY_HINT" value=""/>
        <Option Id="DISPLAY_RADIX" value="HEX"/>
        <Option Id="DISPLAY_VISIBILITY" value=""/>
        <Option Id="HW_ILA" value="hw_ila_1"/>
        <Option Id="LINK_TO_WAVEFORM" value="1"/>
        <Option Id="MAP" value="probe10[31:0]"/>
        <Option Id="NAME.CUSTOM" value=""/>
        <Option Id="NAME.SELECT" value="Long"/>
        <Option Id="SOURCE" value="netlist"/>
        <Option Id="TRIGGER_COMPARE_VALUE" value="eq32&apos;hXXXX_XXXX"/>
        <Option Id="WAVEFORM_STYLE" value="Digital"/>
      </probeOptions>
      <nets>
        <net name="design_inerface_i/system_ila_0/U0/net_slot_1_axis_tdata[31]"/>
        <net name="design_inerface_i/system_ila_0/U0/net_slot_1_axis_tdata[30]"/>
        <net name="design_inerface_i/system_ila_0/U0/net_slot_1_axis_tdata[29]"/>
        <net name="design_inerface_i/system_ila_0/U0/net_slot_1_axis_tdata[28]"/>
        <net name="design_inerface_i/system_ila_0/U0/net_slot_1_axis_tdata[27]"/>
        <net name="design_inerface_i/system_ila_0/U0/net_slot_1_axis_tdata[26]"/>
        <net name="design_inerface_i/system_ila_0/U0/net_slot_1_axis_tdata[25]"/>
        <net name="design_inerface_i/system_ila_0/U0/net_slot_1_axis_tdata[24]"/>
        <net name="design_inerface_i/system_ila_0/U0/net_slot_1_axis_tdata[23]"/>
        <net name="design_inerface_i/system_ila_0/U0/net_slot_1_axis_tdata[22]"/>
        <net name="design_inerface_i/system_ila_0/U0/net_slot_1_axis_tdata[21]"/>
        <net name="design_inerface_i/system_ila_0/U0/net_slot_1_axis_tdata[20]"/>
        <net name="design_inerface_i/system_ila_0/U0/net_slot_1_axis_tdata[19]"/>
        <net name="design_inerface_i/system_ila_0/U0/net_slot_1_axis_tdata[18]"/>
        <net name="design_inerface_i/system_ila_0/U0/net_slot_1_axis_tdata[17]"/>
        <net name="design_inerface_i/system_ila_0/U0/net_slot_1_axis_tdata[16]"/>
        <net name="design_inerface_i/system_ila_0/U0/net_slot_1_axis_tdata[15]"/>
        <net name="design_inerface_i/system_ila_0/U0/net_slot_1_axis_tdata[14]"/>
        <net name="design_inerface_i/system_ila_0/U0/net_slot_1_axis_tdata[13]"/>
        <net name="design_inerface_i/system_ila_0/U0/net_slot_1_axis_tdata[12]"/>
        <net name="design_inerface_i/system_ila_0/U0/net_slot_1_axis_tdata[11]"/>
        <net name="design_inerface_i/system_ila_0/U0/net_slot_1_axis_tdata[10]"/>
        <net name="design_inerface_i/system_ila_0/U0/net_slot_1_axis_tdata[9]"/>
        <net name="design_inerface_i/system_ila_0/U0/net_slot_1_axis_tdata[8]"/>
        <net name="design_inerface_i/system_ila_0/U0/net_slot_1_axis_tdata[7]"/>
        <net name="design_inerface_i/system_ila_0/U0/net_slot_1_axis_tdata[6]"/>
        <net name="design_inerface_i/system_ila_0/U0/net_slot_1_axis_tdata[5]"/>
        <net name="design_inerface_i/system_ila_0/U0/net_slot_1_axis_tdata[4]"/>
        <net name="design_inerface_i/system_ila_0/U0/net_slot_1_axis_tdata[3]"/>
        <net name="design_inerface_i/system_ila_0/U0/net_slot_1_axis_tdata[2]"/>
        <net name="design_inerface_i/system_ila_0/U0/net_slot_1_axis_tdata[1]"/>
        <net name="design_inerface_i/system_ila_0/U0/net_slot_1_axis_tdata[0]"/>
      </nets>
    </probe>
    <probe type="ila" busType="net" source="netlist" spec="ILA_V2_RT">
      <probeOptions Id="DebugProbeParams">
        <Option Id="CAPTURE_COMPARE_VALUE" value="eq1&apos;bX"/>
        <Option Id="COMPARE_VALUE.0" value="eq1&apos;bX"/>
        <Option Id="DISPLAY_AS_ENUM" value="1"/>
        <Option Id="DISPLAY_HINT" value=""/>
        <Option Id="DISPLAY_RADIX" value="HEX"/>
        <Option Id="DISPLAY_VISIBILITY" value=""/>
        <Option Id="HW_ILA" value="hw_ila_1"/>
        <Option Id="LINK_TO_WAVEFORM" value="1"/>
        <Option Id="MAP" value="probe13[0]"/>
        <Option Id="NAME.CUSTOM" value=""/>
        <Option Id="NAME.SELECT" value="Long"/>
        <Option Id="SOURCE" value="netlist"/>
        <Option Id="TRIGGER_COMPARE_VALUE" value="eq1&apos;bX"/>
        <Option Id="WAVEFORM_STYLE" value="Digital"/>
      </probeOptions>
      <nets>
        <net name="design_inerface_i/system_ila_0/U0/net_slot_1_axis_tlast"/>
      </nets>
    </probe>
    <probe type="ila" busType="net" source="netlist" spec="ILA_V2_RT">
      <probeOptions Id="DebugProbeParams">
        <Option Id="CAPTURE_COMPARE_VALUE" value="eq1&apos;bX"/>
        <Option Id="COMPARE_VALUE.0" value="eq1&apos;bX"/>
        <Option Id="DISPLAY_AS_ENUM" value="1"/>
        <Option Id="DISPLAY_HINT" value=""/>
        <Option Id="DISPLAY_RADIX" value="HEX"/>
        <Option Id="DISPLAY_VISIBILITY" value=""/>
        <Option Id="HW_ILA" value="hw_ila_1"/>
        <Option Id="LINK_TO_WAVEFORM" value="1"/>
        <Option Id="MAP" value="probe12[0]"/>
        <Option Id="NAME.CUSTOM" value=""/>
        <Option Id="NAME.SELECT" value="Long"/>
        <Option Id="SOURCE" value="netlist"/>
        <Option Id="TRIGGER_COMPARE_VALUE" value="eq1&apos;bX"/>
        <Option Id="WAVEFORM_STYLE" value="Digital"/>
      </probeOptions>
      <nets>
        <net name="design_inerface_i/system_ila_0/U0/net_slot_1_axis_tready"/>
      </nets>
    </probe>
    <probe type="ila" busType="net" source="netlist" spec="ILA_V2_RT">
      <probeOptions Id="DebugProbeParams">
        <Option Id="CAPTURE_COMPARE_VALUE" value="eq1&apos;bX"/>
        <Option Id="COMPARE_VALUE.0" value="eq1&apos;bX"/>
        <Option Id="DISPLAY_AS_ENUM" value="1"/>
        <Option Id="DISPLAY_HINT" value=""/>
        <Option Id="DISPLAY_RADIX" value="HEX"/>
        <Option Id="DISPLAY_VISIBILITY" value=""/>
        <Option Id="HW_ILA" value="hw_ila_1"/>
        <Option Id="LINK_TO_WAVEFORM" value="1"/>
        <Option Id="MAP" value="probe11[0]"/>
        <Option Id="NAME.CUSTOM" value=""/>
        <Option Id="NAME.SELECT" value="Long"/>
        <Option Id="SOURCE" value="netlist"/>
        <Option Id="TRIGGER_COMPARE_VALUE" value="eq1&apos;bX"/>
        <Option Id="WAVEFORM_STYLE" value="Digital"/>
      </probeOptions>
      <nets>
        <net name="design_inerface_i/system_ila_0/U0/net_slot_1_axis_tvalid"/>
      </nets>
    </probe>
    <probe type="ila" busType="net" source="netlist" spec="ILA_V2_RT">
      <probeOptions Id="DebugProbeParams">
        <Option Id="CAPTURE_COMPARE_VALUE" value="eq1&apos;bX"/>
        <Option Id="COMPARE_VALUE.0" value="eq1&apos;bX"/>
        <Option Id="DISPLAY_AS_ENUM" value="1"/>
        <Option Id="DISPLAY_HINT" value=""/>
        <Option Id="DISPLAY_RADIX" value="HEX"/>
        <Option Id="DISPLAY_VISIBILITY" value=""/>
        <Option Id="HW_ILA" value="hw_ila_1"/>
        <Option Id="LINK_TO_WAVEFORM" value="1"/>
        <Option Id="MAP" value="probe13[0]"/>
        <Option Id="NAME.CUSTOM" value="slot_2 : digilent_jstk2_0_m_axis : Protocol Checker Assertion"/>
        <Option Id="NAME.SELECT" value="Custom"/>
        <Option Id="SOURCE" value="netlist"/>
        <Option Id="TRIGGER_COMPARE_VALUE" value="eq1&apos;bX"/>
        <Option Id="WAVEFORM_STYLE" value="Digital"/>
      </probeOptions>
      <nets>
        <net name="design_inerface_i/system_ila_0/U0/net_slot_2_apc_pc_asserted"/>
      </nets>
    </probe>
    <probe type="ila" busType="bus" source="netlist" spec="ILA_V2_RT">
      <probeOptions Id="DebugProbeParams">
        <Option Id="CAPTURE_COMPARE_VALUE" value="eq32&apos;hXXXX_XXXX"/>
        <Option Id="COMPARE_VALUE.0" value="eq32&apos;hXXXX_XXXX"/>
        <Option Id="DISPLAY_AS_ENUM" value="1"/>
        <Option Id="DISPLAY_HINT" value=""/>
        <Option Id="DISPLAY_RADIX" value="HEX"/>
        <Option Id="DISPLAY_VISIBILITY" value=""/>
        <Option Id="HW_ILA" value="hw_ila_1"/>
        <Option Id="LINK_TO_WAVEFORM" value="1"/>
        <Option Id="MAP" value="probe14[31:0]"/>
        <Option Id="NAME.CUSTOM" value=""/>
        <Option Id="NAME.SELECT" value="Long"/>
        <Option Id="SOURCE" value="netlist"/>
        <Option Id="TRIGGER_COMPARE_VALUE" value="eq32&apos;hXXXX_XXXX"/>
        <Option Id="WAVEFORM_STYLE" value="Digital"/>
      </probeOptions>
      <nets>
        <net name="design_inerface_i/system_ila_0/U0/net_slot_2_axis_tdata[31]"/>
        <net name="design_inerface_i/system_ila_0/U0/net_slot_2_axis_tdata[30]"/>
        <net name="design_inerface_i/system_ila_0/U0/net_slot_2_axis_tdata[29]"/>
        <net name="design_inerface_i/system_ila_0/U0/net_slot_2_axis_tdata[28]"/>
        <net name="design_inerface_i/system_ila_0/U0/net_slot_2_axis_tdata[27]"/>
        <net name="design_inerface_i/system_ila_0/U0/net_slot_2_axis_tdata[26]"/>
        <net name="design_inerface_i/system_ila_0/U0/net_slot_2_axis_tdata[25]"/>
        <net name="design_inerface_i/system_ila_0/U0/net_slot_2_axis_tdata[24]"/>
        <net name="design_inerface_i/system_ila_0/U0/net_slot_2_axis_tdata[23]"/>
        <net name="design_inerface_i/system_ila_0/U0/net_slot_2_axis_tdata[22]"/>
        <net name="design_inerface_i/system_ila_0/U0/net_slot_2_axis_tdata[21]"/>
        <net name="design_inerface_i/system_ila_0/U0/net_slot_2_axis_tdata[20]"/>
        <net name="design_inerface_i/system_ila_0/U0/net_slot_2_axis_tdata[19]"/>
        <net name="design_inerface_i/system_ila_0/U0/net_slot_2_axis_tdata[18]"/>
        <net name="design_inerface_i/system_ila_0/U0/net_slot_2_axis_tdata[17]"/>
        <net name="design_inerface_i/system_ila_0/U0/net_slot_2_axis_tdata[16]"/>
        <net name="design_inerface_i/system_ila_0/U0/net_slot_2_axis_tdata[15]"/>
        <net name="design_inerface_i/system_ila_0/U0/net_slot_2_axis_tdata[14]"/>
        <net name="design_inerface_i/system_ila_0/U0/net_slot_2_axis_tdata[13]"/>
        <net name="design_inerface_i/system_ila_0/U0/net_slot_2_axis_tdata[12]"/>
        <net name="design_inerface_i/system_ila_0/U0/net_slot_2_axis_tdata[11]"/>
        <net name="design_inerface_i/system_ila_0/U0/net_slot_2_axis_tdata[10]"/>
        <net name="design_inerface_i/system_ila_0/U0/net_slot_2_axis_tdata[9]"/>
        <net name="design_inerface_i/system_ila_0/U0/net_slot_2_axis_tdata[8]"/>
        <net name="design_inerface_i/system_ila_0/U0/net_slot_2_axis_tdata[7]"/>
        <net name="design_inerface_i/system_ila_0/U0/net_slot_2_axis_tdata[6]"/>
        <net name="design_inerface_i/system_ila_0/U0/net_slot_2_axis_tdata[5]"/>
        <net name="design_inerface_i/system_ila_0/U0/net_slot_2_axis_tdata[4]"/>
        <net name="design_inerface_i/system_ila_0/U0/net_slot_2_axis_tdata[3]"/>
        <net name="design_inerface_i/system_ila_0/U0/net_slot_2_axis_tdata[2]"/>
        <net name="design_inerface_i/system_ila_0/U0/net_slot_2_axis_tdata[1]"/>
        <net name="design_inerface_i/system_ila_0/U0/net_slot_2_axis_tdata[0]"/>
      </nets>
    </probe>
    <probe type="ila" busType="net" source="netlist" spec="ILA_V2_RT">
      <probeOptions Id="DebugProbeParams">
        <Option Id="CAPTURE_COMPARE_VALUE" value="eq1&apos;bX"/>
        <Option Id="COMPARE_VALUE.0" value="eq1&apos;bX"/>
        <Option Id="DISPLAY_AS_ENUM" value="1"/>
        <Option Id="DISPLAY_HINT" value=""/>
        <Option Id="DISPLAY_RADIX" value="HEX"/>
        <Option Id="DISPLAY_VISIBILITY" value=""/>
        <Option Id="HW_ILA" value="hw_ila_1"/>
        <Option Id="LINK_TO_WAVEFORM" value="1"/>
        <Option Id="MAP" value="probe17[0]"/>
        <Option Id="NAME.CUSTOM" value=""/>
        <Option Id="NAME.SELECT" value="Long"/>
        <Option Id="SOURCE" value="netlist"/>
        <Option Id="TRIGGER_COMPARE_VALUE" value="eq1&apos;bX"/>
        <Option Id="WAVEFORM_STYLE" value="Digital"/>
      </probeOptions>
      <nets>
        <net name="design_inerface_i/system_ila_0/U0/net_slot_2_axis_tlast"/>
      </nets>
    </probe>
    <probe type="ila" busType="net" source="netlist" spec="ILA_V2_RT">
      <probeOptions Id="DebugProbeParams">
        <Option Id="CAPTURE_COMPARE_VALUE" value="eq1&apos;bX"/>
        <Option Id="COMPARE_VALUE.0" value="eq1&apos;bX"/>
        <Option Id="DISPLAY_AS_ENUM" value="1"/>
        <Option Id="DISPLAY_HINT" value=""/>
        <Option Id="DISPLAY_RADIX" value="HEX"/>
        <Option Id="DISPLAY_VISIBILITY" value=""/>
        <Option Id="HW_ILA" value="hw_ila_1"/>
        <Option Id="LINK_TO_WAVEFORM" value="1"/>
        <Option Id="MAP" value="probe16[0]"/>
        <Option Id="NAME.CUSTOM" value=""/>
        <Option Id="NAME.SELECT" value="Long"/>
        <Option Id="SOURCE" value="netlist"/>
        <Option Id="TRIGGER_COMPARE_VALUE" value="eq1&apos;bX"/>
        <Option Id="WAVEFORM_STYLE" value="Digital"/>
      </probeOptions>
      <nets>
        <net name="design_inerface_i/system_ila_0/U0/net_slot_2_axis_tready"/>
      </nets>
    </probe>
    <probe type="ila" busType="net" source="netlist" spec="ILA_V2_RT">
      <probeOptions Id="DebugProbeParams">
        <Option Id="CAPTURE_COMPARE_VALUE" value="eq1&apos;bX"/>
        <Option Id="COMPARE_VALUE.0" value="eq1&apos;bX"/>
        <Option Id="DISPLAY_AS_ENUM" value="1"/>
        <Option Id="DISPLAY_HINT" value=""/>
        <Option Id="DISPLAY_RADIX" value="HEX"/>
        <Option Id="DISPLAY_VISIBILITY" value=""/>
        <Option Id="HW_ILA" value="hw_ila_1"/>
        <Option Id="LINK_TO_WAVEFORM" value="1"/>
        <Option Id="MAP" value="probe15[0]"/>
        <Option Id="NAME.CUSTOM" value=""/>
        <Option Id="NAME.SELECT" value="Long"/>
        <Option Id="SOURCE" value="netlist"/>
        <Option Id="TRIGGER_COMPARE_VALUE" value="eq1&apos;bX"/>
        <Option Id="WAVEFORM_STYLE" value="Digital"/>
      </probeOptions>
      <nets>
        <net name="design_inerface_i/system_ila_0/U0/net_slot_2_axis_tvalid"/>
      </nets>
    </probe>
    <probe type="ila" busType="net" source="netlist" spec="ILA_V2_RT">
      <probeOptions Id="DebugProbeParams">
        <Option Id="CAPTURE_COMPARE_VALUE" value="eq1&apos;bX"/>
        <Option Id="COMPARE_VALUE.0" value="eq1&apos;bX"/>
        <Option Id="DISPLAY_AS_ENUM" value="1"/>
        <Option Id="DISPLAY_HINT" value=""/>
        <Option Id="DISPLAY_RADIX" value="HEX"/>
        <Option Id="DISPLAY_VISIBILITY" value=""/>
        <Option Id="HW_ILA" value="hw_ila_1"/>
        <Option Id="LINK_TO_WAVEFORM" value="1"/>
        <Option Id="MAP" value="probe18[0]"/>
        <Option Id="NAME.CUSTOM" value="slot_3 : jstk_uart_bridge_0_m_axis : Protocol Checker Assertion"/>
        <Option Id="NAME.SELECT" value="Custom"/>
        <Option Id="SOURCE" value="netlist"/>
        <Option Id="TRIGGER_COMPARE_VALUE" value="eq1&apos;bX"/>
        <Option Id="WAVEFORM_STYLE" value="Digital"/>
      </probeOptions>
      <nets>
        <net name="design_inerface_i/system_ila_0/U0/net_slot_3_apc_pc_asserted"/>
      </nets>
    </probe>
    <probe type="ila" busType="bus" source="netlist" spec="ILA_V2_RT">
      <probeOptions Id="DebugProbeParams">
        <Option Id="CAPTURE_COMPARE_VALUE" value="eq32&apos;hXXXX_XXXX"/>
        <Option Id="COMPARE_VALUE.0" value="eq32&apos;hXXXX_XXXX"/>
        <Option Id="DISPLAY_AS_ENUM" value="1"/>
        <Option Id="DISPLAY_HINT" value=""/>
        <Option Id="DISPLAY_RADIX" value="HEX"/>
        <Option Id="DISPLAY_VISIBILITY" value=""/>
        <Option Id="HW_ILA" value="hw_ila_1"/>
        <Option Id="LINK_TO_WAVEFORM" value="1"/>
        <Option Id="MAP" value="probe18[31:0]"/>
        <Option Id="NAME.CUSTOM" value=""/>
        <Option Id="NAME.SELECT" value="Long"/>
        <Option Id="SOURCE" value="netlist"/>
        <Option Id="TRIGGER_COMPARE_VALUE" value="eq32&apos;hXXXX_XXXX"/>
        <Option Id="WAVEFORM_STYLE" value="Digital"/>
      </probeOptions>
      <nets>
        <net name="design_inerface_i/system_ila_0/U0/net_slot_3_axis_tdata[31]"/>
        <net name="design_inerface_i/system_ila_0/U0/net_slot_3_axis_tdata[30]"/>
        <net name="design_inerface_i/system_ila_0/U0/net_slot_3_axis_tdata[29]"/>
        <net name="design_inerface_i/system_ila_0/U0/net_slot_3_axis_tdata[28]"/>
        <net name="design_inerface_i/system_ila_0/U0/net_slot_3_axis_tdata[27]"/>
        <net name="design_inerface_i/system_ila_0/U0/net_slot_3_axis_tdata[26]"/>
        <net name="design_inerface_i/system_ila_0/U0/net_slot_3_axis_tdata[25]"/>
        <net name="design_inerface_i/system_ila_0/U0/net_slot_3_axis_tdata[24]"/>
        <net name="design_inerface_i/system_ila_0/U0/net_slot_3_axis_tdata[23]"/>
        <net name="design_inerface_i/system_ila_0/U0/net_slot_3_axis_tdata[22]"/>
        <net name="design_inerface_i/system_ila_0/U0/net_slot_3_axis_tdata[21]"/>
        <net name="design_inerface_i/system_ila_0/U0/net_slot_3_axis_tdata[20]"/>
        <net name="design_inerface_i/system_ila_0/U0/net_slot_3_axis_tdata[19]"/>
        <net name="design_inerface_i/system_ila_0/U0/net_slot_3_axis_tdata[18]"/>
        <net name="design_inerface_i/system_ila_0/U0/net_slot_3_axis_tdata[17]"/>
        <net name="design_inerface_i/system_ila_0/U0/net_slot_3_axis_tdata[16]"/>
        <net name="design_inerface_i/system_ila_0/U0/net_slot_3_axis_tdata[15]"/>
        <net name="design_inerface_i/system_ila_0/U0/net_slot_3_axis_tdata[14]"/>
        <net name="design_inerface_i/system_ila_0/U0/net_slot_3_axis_tdata[13]"/>
        <net name="design_inerface_i/system_ila_0/U0/net_slot_3_axis_tdata[12]"/>
        <net name="design_inerface_i/system_ila_0/U0/net_slot_3_axis_tdata[11]"/>
        <net name="design_inerface_i/system_ila_0/U0/net_slot_3_axis_tdata[10]"/>
        <net name="design_inerface_i/system_ila_0/U0/net_slot_3_axis_tdata[9]"/>
        <net name="design_inerface_i/system_ila_0/U0/net_slot_3_axis_tdata[8]"/>
        <net name="design_inerface_i/system_ila_0/U0/net_slot_3_axis_tdata[7]"/>
        <net name="design_inerface_i/system_ila_0/U0/net_slot_3_axis_tdata[6]"/>
        <net name="design_inerface_i/system_ila_0/U0/net_slot_3_axis_tdata[5]"/>
        <net name="design_inerface_i/system_ila_0/U0/net_slot_3_axis_tdata[4]"/>
        <net name="design_inerface_i/system_ila_0/U0/net_slot_3_axis_tdata[3]"/>
        <net name="design_inerface_i/system_ila_0/U0/net_slot_3_axis_tdata[2]"/>
        <net name="design_inerface_i/system_ila_0/U0/net_slot_3_axis_tdata[1]"/>
        <net name="design_inerface_i/system_ila_0/U0/net_slot_3_axis_tdata[0]"/>
      </nets>
    </probe>
    <probe type="ila" busType="net" source="netlist" spec="ILA_V2_RT">
      <probeOptions Id="DebugProbeParams">
        <Option Id="CAPTURE_COMPARE_VALUE" value="eq1&apos;bX"/>
        <Option Id="COMPARE_VALUE.0" value="eq1&apos;bX"/>
        <Option Id="DISPLAY_AS_ENUM" value="1"/>
        <Option Id="DISPLAY_HINT" value=""/>
        <Option Id="DISPLAY_RADIX" value="HEX"/>
        <Option Id="DISPLAY_VISIBILITY" value=""/>
        <Option Id="HW_ILA" value="hw_ila_1"/>
        <Option Id="LINK_TO_WAVEFORM" value="1"/>
        <Option Id="MAP" value="probe21[0]"/>
        <Option Id="NAME.CUSTOM" value=""/>
        <Option Id="NAME.SELECT" value="Long"/>
        <Option Id="SOURCE" value="netlist"/>
        <Option Id="TRIGGER_COMPARE_VALUE" value="eq1&apos;bX"/>
        <Option Id="WAVEFORM_STYLE" value="Digital"/>
      </probeOptions>
      <nets>
        <net name="design_inerface_i/system_ila_0/U0/net_slot_3_axis_tlast"/>
      </nets>
    </probe>
    <probe type="ila" busType="net" source="netlist" spec="ILA_V2_RT">
      <probeOptions Id="DebugProbeParams">
        <Option Id="CAPTURE_COMPARE_VALUE" value="eq1&apos;bX"/>
        <Option Id="COMPARE_VALUE.0" value="eq1&apos;bX"/>
        <Option Id="DISPLAY_AS_ENUM" value="1"/>
        <Option Id="DISPLAY_HINT" value=""/>
        <Option Id="DISPLAY_RADIX" value="HEX"/>
        <Option Id="DISPLAY_VISIBILITY" value=""/>
        <Option Id="HW_ILA" value="hw_ila_1"/>
        <Option Id="LINK_TO_WAVEFORM" value="1"/>
        <Option Id="MAP" value="probe20[0]"/>
        <Option Id="NAME.CUSTOM" value=""/>
        <Option Id="NAME.SELECT" value="Long"/>
        <Option Id="SOURCE" value="netlist"/>
        <Option Id="TRIGGER_COMPARE_VALUE" value="eq1&apos;bX"/>
        <Option Id="WAVEFORM_STYLE" value="Digital"/>
      </probeOptions>
      <nets>
        <net name="design_inerface_i/system_ila_0/U0/net_slot_3_axis_tready"/>
      </nets>
    </probe>
    <probe type="ila" busType="net" source="netlist" spec="ILA_V2_RT">
      <probeOptions Id="DebugProbeParams">
        <Option Id="CAPTURE_COMPARE_VALUE" value="eq1&apos;bX"/>
        <Option Id="COMPARE_VALUE.0" value="eq1&apos;bR"/>
        <Option Id="DISPLAY_AS_ENUM" value="1"/>
        <Option Id="DISPLAY_HINT" value=""/>
        <Option Id="DISPLAY_RADIX" value="HEX"/>
        <Option Id="DISPLAY_VISIBILITY" value=""/>
        <Option Id="HW_ILA" value="hw_ila_1"/>
        <Option Id="LINK_TO_WAVEFORM" value="1"/>
        <Option Id="MAP" value="probe19[0]"/>
        <Option Id="NAME.CUSTOM" value=""/>
        <Option Id="NAME.SELECT" value="Long"/>
        <Option Id="SOURCE" value="netlist"/>
        <Option Id="TRIGGER_COMPARE_VALUE" value="eq1&apos;bR"/>
        <Option Id="WAVEFORM_STYLE" value="Digital"/>
      </probeOptions>
      <nets>
        <net name="design_inerface_i/system_ila_0/U0/net_slot_3_axis_tvalid"/>
      </nets>
    </probe>
    <probe type="ila" busType="net" source="netlist" spec="ILA_V2_RT">
      <probeOptions Id="DebugProbeParams">
        <Option Id="CAPTURE_COMPARE_VALUE" value="eq1&apos;bX"/>
        <Option Id="COMPARE_VALUE.0" value="eq1&apos;bX"/>
        <Option Id="DISPLAY_AS_ENUM" value="1"/>
        <Option Id="DISPLAY_HINT" value=""/>
        <Option Id="DISPLAY_RADIX" value="HEX"/>
        <Option Id="DISPLAY_VISIBILITY" value=""/>
        <Option Id="HW_ILA" value="hw_ila_1"/>
        <Option Id="LINK_TO_WAVEFORM" value="1"/>
        <Option Id="MAP" value="probe0[0]"/>
        <Option Id="NAME.CUSTOM" value="digilent_jstk2_0_btn_jstk"/>
        <Option Id="NAME.SELECT" value="Custom"/>
        <Option Id="SOURCE" value="netlist"/>
        <Option Id="TRIGGER_COMPARE_VALUE" value="eq1&apos;bX"/>
        <Option Id="WAVEFORM_STYLE" value="Digital"/>
      </probeOptions>
      <nets>
        <net name="design_inerface_i/system_ila_0/U0/probe0_1"/>
      </nets>
    </probe>
    <probe type="ila" busType="net" source="netlist" spec="ILA_V2_RT">
      <probeOptions Id="DebugProbeParams">
        <Option Id="CAPTURE_COMPARE_VALUE" value="eq10&apos;hXXX"/>
        <Option Id="COMPARE_VALUE.0" value="eq10&apos;hXXX"/>
        <Option Id="DISPLAY_AS_ENUM" value="1"/>
        <Option Id="DISPLAY_HINT" value=""/>
        <Option Id="DISPLAY_RADIX" value="HEX"/>
        <Option Id="DISPLAY_VISIBILITY" value=""/>
        <Option Id="HW_ILA" value="hw_ila_1"/>
        <Option Id="LINK_TO_WAVEFORM" value="1"/>
        <Option Id="MAP" value="probe0[9:0]"/>
        <Option Id="NAME.CUSTOM" value="digilent_jstk2_0_jstk_x"/>
        <Option Id="NAME.SELECT" value="Custom"/>
        <Option Id="SOURCE" value="netlist"/>
        <Option Id="TRIGGER_COMPARE_VALUE" value="eq10&apos;hXXX"/>
        <Option Id="WAVEFORM_STYLE" value="Digital"/>
      </probeOptions>
      <nets>
        <net name="design_inerface_i/system_ila_0/U0/probe0_1[9]"/>
        <net name="design_inerface_i/system_ila_0/U0/probe0_1[8]"/>
        <net name="design_inerface_i/system_ila_0/U0/probe0_1[7]"/>
        <net name="design_inerface_i/system_ila_0/U0/probe0_1[6]"/>
        <net name="design_inerface_i/system_ila_0/U0/probe0_1[5]"/>
        <net name="design_inerface_i/system_ila_0/U0/probe0_1[4]"/>
        <net name="design_inerface_i/system_ila_0/U0/probe0_1[3]"/>
        <net name="design_inerface_i/system_ila_0/U0/probe0_1[2]"/>
        <net name="design_inerface_i/system_ila_0/U0/probe0_1[1]"/>
        <net name="design_inerface_i/system_ila_0/U0/probe0_1[0]"/>
      </nets>
    </probe>
    <probe type="ila" busType="net" source="netlist" spec="ILA_V2_RT">
      <probeOptions Id="DebugProbeParams">
        <Option Id="CAPTURE_COMPARE_VALUE" value="eq1&apos;bX"/>
        <Option Id="COMPARE_VALUE.0" value="eq1&apos;bX"/>
        <Option Id="DISPLAY_AS_ENUM" value="1"/>
        <Option Id="DISPLAY_HINT" value=""/>
        <Option Id="DISPLAY_RADIX" value="HEX"/>
        <Option Id="DISPLAY_VISIBILITY" value=""/>
        <Option Id="HW_ILA" value="hw_ila_1"/>
        <Option Id="LINK_TO_WAVEFORM" value="1"/>
        <Option Id="MAP" value="probe1[0]"/>
        <Option Id="NAME.CUSTOM" value="digilent_jstk2_0_btn_trigger"/>
        <Option Id="NAME.SELECT" value="Custom"/>
        <Option Id="SOURCE" value="netlist"/>
        <Option Id="TRIGGER_COMPARE_VALUE" value="eq1&apos;bX"/>
        <Option Id="WAVEFORM_STYLE" value="Digital"/>
      </probeOptions>
      <nets>
        <net name="design_inerface_i/system_ila_0/U0/probe1_1"/>
      </nets>
    </probe>
    <probe type="ila" busType="net" source="netlist" spec="ILA_V2_RT">
      <probeOptions Id="DebugProbeParams">
        <Option Id="CAPTURE_COMPARE_VALUE" value="eq10&apos;hXXX"/>
        <Option Id="COMPARE_VALUE.0" value="eq10&apos;hXXX"/>
        <Option Id="DISPLAY_AS_ENUM" value="1"/>
        <Option Id="DISPLAY_HINT" value=""/>
        <Option Id="DISPLAY_RADIX" value="BINARY"/>
        <Option Id="DISPLAY_VISIBILITY" value=""/>
        <Option Id="HW_ILA" value="hw_ila_1"/>
        <Option Id="LINK_TO_WAVEFORM" value="1"/>
        <Option Id="MAP" value="probe1[9:0]"/>
        <Option Id="NAME.CUSTOM" value="digilent_jstk2_0_jstk_y"/>
        <Option Id="NAME.SELECT" value="Custom"/>
        <Option Id="SOURCE" value="netlist"/>
        <Option Id="TRIGGER_COMPARE_VALUE" value="eq10&apos;hXXX"/>
        <Option Id="WAVEFORM_STYLE" value="Digital"/>
      </probeOptions>
      <nets>
        <net name="design_inerface_i/system_ila_0/U0/probe1_1[9]"/>
        <net name="design_inerface_i/system_ila_0/U0/probe1_1[8]"/>
        <net name="design_inerface_i/system_ila_0/U0/probe1_1[7]"/>
        <net name="design_inerface_i/system_ila_0/U0/probe1_1[6]"/>
        <net name="design_inerface_i/system_ila_0/U0/probe1_1[5]"/>
        <net name="design_inerface_i/system_ila_0/U0/probe1_1[4]"/>
        <net name="design_inerface_i/system_ila_0/U0/probe1_1[3]"/>
        <net name="design_inerface_i/system_ila_0/U0/probe1_1[2]"/>
        <net name="design_inerface_i/system_ila_0/U0/probe1_1[1]"/>
        <net name="design_inerface_i/system_ila_0/U0/probe1_1[0]"/>
      </nets>
    </probe>
    <probe type="ila" busType="bus" source="netlist" spec="ILA_V2_RT">
      <probeOptions Id="DebugProbeParams">
        <Option Id="CAPTURE_COMPARE_VALUE" value="eq10&apos;hXXX"/>
        <Option Id="COMPARE_VALUE.0" value="eq10&apos;hXXX"/>
        <Option Id="DISPLAY_AS_ENUM" value="1"/>
        <Option Id="DISPLAY_HINT" value=""/>
        <Option Id="DISPLAY_RADIX" value="BINARY"/>
        <Option Id="DISPLAY_VISIBILITY" value=""/>
        <Option Id="HW_ILA" value="hw_ila_1"/>
        <Option Id="LINK_TO_WAVEFORM" value="1"/>
        <Option Id="MAP" value="probe2[9:0]"/>
        <Option Id="NAME.CUSTOM" value="digilent_jstk2_0_jstk_x"/>
        <Option Id="NAME.SELECT" value="Custom"/>
        <Option Id="SOURCE" value="netlist"/>
        <Option Id="TRIGGER_COMPARE_VALUE" value="eq10&apos;hXXX"/>
        <Option Id="WAVEFORM_STYLE" value="Digital"/>
      </probeOptions>
      <nets>
        <net name="design_inerface_i/system_ila_0/U0/probe2_1[9]"/>
        <net name="design_inerface_i/system_ila_0/U0/probe2_1[8]"/>
        <net name="design_inerface_i/system_ila_0/U0/probe2_1[7]"/>
        <net name="design_inerface_i/system_ila_0/U0/probe2_1[6]"/>
        <net name="design_inerface_i/system_ila_0/U0/probe2_1[5]"/>
        <net name="design_inerface_i/system_ila_0/U0/probe2_1[4]"/>
        <net name="design_inerface_i/system_ila_0/U0/probe2_1[3]"/>
        <net name="design_inerface_i/system_ila_0/U0/probe2_1[2]"/>
        <net name="design_inerface_i/system_ila_0/U0/probe2_1[1]"/>
        <net name="design_inerface_i/system_ila_0/U0/probe2_1[0]"/>
      </nets>
    </probe>
    <probe type="ila" busType="bus" source="netlist" spec="ILA_V2_RT">
      <probeOptions Id="DebugProbeParams">
        <Option Id="CAPTURE_COMPARE_VALUE" value="eq10&apos;hXXX"/>
        <Option Id="COMPARE_VALUE.0" value="eq10&apos;hXXX"/>
        <Option Id="DISPLAY_AS_ENUM" value="1"/>
        <Option Id="DISPLAY_HINT" value=""/>
        <Option Id="DISPLAY_RADIX" value="BINARY"/>
        <Option Id="DISPLAY_VISIBILITY" value=""/>
        <Option Id="HW_ILA" value="hw_ila_1"/>
        <Option Id="LINK_TO_WAVEFORM" value="1"/>
        <Option Id="MAP" value="probe3[9:0]"/>
        <Option Id="NAME.CUSTOM" value="digilent_jstk2_0_jstk_y"/>
        <Option Id="NAME.SELECT" value="Custom"/>
        <Option Id="SOURCE" value="netlist"/>
        <Option Id="TRIGGER_COMPARE_VALUE" value="eq10&apos;hXXX"/>
        <Option Id="WAVEFORM_STYLE" value="Digital"/>
      </probeOptions>
      <nets>
        <net name="design_inerface_i/system_ila_0/U0/probe3_1[9]"/>
        <net name="design_inerface_i/system_ila_0/U0/probe3_1[8]"/>
        <net name="design_inerface_i/system_ila_0/U0/probe3_1[7]"/>
        <net name="design_inerface_i/system_ila_0/U0/probe3_1[6]"/>
        <net name="design_inerface_i/system_ila_0/U0/probe3_1[5]"/>
        <net name="design_inerface_i/system_ila_0/U0/probe3_1[4]"/>
        <net name="design_inerface_i/system_ila_0/U0/probe3_1[3]"/>
        <net name="design_inerface_i/system_ila_0/U0/probe3_1[2]"/>
        <net name="design_inerface_i/system_ila_0/U0/probe3_1[1]"/>
        <net name="design_inerface_i/system_ila_0/U0/probe3_1[0]"/>
      </nets>
    </probe>
    <probe type="ila" busType="bus" source="netlist" spec="ILA_V2_RT">
      <probeOptions Id="DebugProbeParams">
        <Option Id="CAPTURE_COMPARE_VALUE" value="eq8&apos;hXX"/>
        <Option Id="COMPARE_VALUE.0" value="eq8&apos;hXX"/>
        <Option Id="DISPLAY_AS_ENUM" value="1"/>
        <Option Id="DISPLAY_HINT" value=""/>
        <Option Id="DISPLAY_RADIX" value="HEX"/>
        <Option Id="DISPLAY_VISIBILITY" value=""/>
        <Option Id="HW_ILA" value="hw_ila_1"/>
        <Option Id="LINK_TO_WAVEFORM" value="1"/>
        <Option Id="MAP" value="probe4[7:0]"/>
        <Option Id="NAME.CUSTOM" value="jstk_uart_bridge_0_led_b"/>
        <Option Id="NAME.SELECT" value="Custom"/>
        <Option Id="SOURCE" value="netlist"/>
        <Option Id="TRIGGER_COMPARE_VALUE" value="eq8&apos;hXX"/>
        <Option Id="WAVEFORM_STYLE" value="Digital"/>
      </probeOptions>
      <nets>
        <net name="design_inerface_i/system_ila_0/U0/probe4_1[7]"/>
        <net name="design_inerface_i/system_ila_0/U0/probe4_1[6]"/>
        <net name="design_inerface_i/system_ila_0/U0/probe4_1[5]"/>
        <net name="design_inerface_i/system_ila_0/U0/probe4_1[4]"/>
        <net name="design_inerface_i/system_ila_0/U0/probe4_1[3]"/>
        <net name="design_inerface_i/system_ila_0/U0/probe4_1[2]"/>
        <net name="design_inerface_i/system_ila_0/U0/probe4_1[1]"/>
        <net name="design_inerface_i/system_ila_0/U0/probe4_1[0]"/>
      </nets>
    </probe>
    <probe type="ila" busType="bus" source="netlist" spec="ILA_V2_RT">
      <probeOptions Id="DebugProbeParams">
        <Option Id="CAPTURE_COMPARE_VALUE" value="eq8&apos;hXX"/>
        <Option Id="COMPARE_VALUE.0" value="eq8&apos;hXX"/>
        <Option Id="DISPLAY_AS_ENUM" value="1"/>
        <Option Id="DISPLAY_HINT" value=""/>
        <Option Id="DISPLAY_RADIX" value="HEX"/>
        <Option Id="DISPLAY_VISIBILITY" value=""/>
        <Option Id="HW_ILA" value="hw_ila_1"/>
        <Option Id="LINK_TO_WAVEFORM" value="1"/>
        <Option Id="MAP" value="probe5[7:0]"/>
        <Option Id="NAME.CUSTOM" value="jstk_uart_bridge_0_led_g"/>
        <Option Id="NAME.SELECT" value="Custom"/>
        <Option Id="SOURCE" value="netlist"/>
        <Option Id="TRIGGER_COMPARE_VALUE" value="eq8&apos;hXX"/>
        <Option Id="WAVEFORM_STYLE" value="Digital"/>
      </probeOptions>
      <nets>
        <net name="design_inerface_i/system_ila_0/U0/probe5_1[7]"/>
        <net name="design_inerface_i/system_ila_0/U0/probe5_1[6]"/>
        <net name="design_inerface_i/system_ila_0/U0/probe5_1[5]"/>
        <net name="design_inerface_i/system_ila_0/U0/probe5_1[4]"/>
        <net name="design_inerface_i/system_ila_0/U0/probe5_1[3]"/>
        <net name="design_inerface_i/system_ila_0/U0/probe5_1[2]"/>
        <net name="design_inerface_i/system_ila_0/U0/probe5_1[1]"/>
        <net name="design_inerface_i/system_ila_0/U0/probe5_1[0]"/>
      </nets>
    </probe>
    <probe type="ila" busType="bus" source="netlist" spec="ILA_V2_RT">
      <probeOptions Id="DebugProbeParams">
        <Option Id="CAPTURE_COMPARE_VALUE" value="eq8&apos;hXX"/>
        <Option Id="COMPARE_VALUE.0" value="eq8&apos;hXX"/>
        <Option Id="DISPLAY_AS_ENUM" value="1"/>
        <Option Id="DISPLAY_HINT" value=""/>
        <Option Id="DISPLAY_RADIX" value="HEX"/>
        <Option Id="DISPLAY_VISIBILITY" value=""/>
        <Option Id="HW_ILA" value="hw_ila_1"/>
        <Option Id="LINK_TO_WAVEFORM" value="1"/>
        <Option Id="MAP" value="probe6[7:0]"/>
        <Option Id="NAME.CUSTOM" value="jstk_uart_bridge_0_led_r"/>
        <Option Id="NAME.SELECT" value="Custom"/>
        <Option Id="SOURCE" value="netlist"/>
        <Option Id="TRIGGER_COMPARE_VALUE" value="eq8&apos;hXX"/>
        <Option Id="WAVEFORM_STYLE" value="Digital"/>
      </probeOptions>
      <nets>
        <net name="design_inerface_i/system_ila_0/U0/probe6_1[7]"/>
        <net name="design_inerface_i/system_ila_0/U0/probe6_1[6]"/>
        <net name="design_inerface_i/system_ila_0/U0/probe6_1[5]"/>
        <net name="design_inerface_i/system_ila_0/U0/probe6_1[4]"/>
        <net name="design_inerface_i/system_ila_0/U0/probe6_1[3]"/>
        <net name="design_inerface_i/system_ila_0/U0/probe6_1[2]"/>
        <net name="design_inerface_i/system_ila_0/U0/probe6_1[1]"/>
        <net name="design_inerface_i/system_ila_0/U0/probe6_1[0]"/>
      </nets>
    </probe>
  </probeset>
</hwsession>
