<?xml version="1.0" encoding="UTF-8"?>
<GenRun Id="synth_1" LaunchPart="xc7a35tcpg236-1" LaunchTime="1649545336">
  <File Type="PA-TCL" Name="KittLedPWM.tcl"/>
  <File Type="REPORTS-TCL" Name="KittLedPWM_reports.tcl"/>
  <File Type="RDS-RDS" Name="KittLedPWM.vds"/>
  <File Type="RDS-UTIL" Name="KittLedPWM_utilization_synth.rpt"/>
  <File Type="RDS-UTIL-PB" Name="KittLedPWM_utilization_synth.pb"/>
  <File Type="RDS-DCP" Name="KittLedPWM.dcp"/>
  <FileSet Name="sources" Type="DesignSrcs" RelSrcDir="$PSRCDIR/sources_1" RelGenDir="$PGENDIR/sources_1">
    <Filter Type="Srcs"/>
    <File Path="$PSRCDIR/sources_1/imports/new/KittCar.vhd">
      <FileInfo>
        <Attr Name="ImportPath" Val="$PPRDIR/../../../../../Test_Kitt/Test_Kitt.srcs/sources_1/imports/new/KittCar.vhd"/>
        <Attr Name="ImportTime" Val="1648931535"/>
        <Attr Name="UsedIn" Val="synthesis"/>
        <Attr Name="UsedIn" Val="simulation"/>
      </FileInfo>
    </File>
    <File Path="$PSRCDIR/sources_1/imports/new/Kitt_Counter.vhd">
      <FileInfo>
        <Attr Name="ImportPath" Val="$PPRDIR/../../../../VivadoProjects_ElectronicsEngineering/LAB1_KittLED_PWM_proj/LAB1_KittLED_PWM_proj.srcs/sources_1/imports/new/Kitt_Counter.vhd"/>
        <Attr Name="ImportTime" Val="1649545163"/>
        <Attr Name="UsedIn" Val="synthesis"/>
        <Attr Name="UsedIn" Val="simulation"/>
      </FileInfo>
    </File>
    <File Path="$PSRCDIR/sources_1/imports/new/PulseWidthModulator.vhd">
      <FileInfo>
        <Attr Name="ImportPath" Val="$PPRDIR/../../../../../LAB0_PulseWidthModulator_project/LAB0_PulseWidthModulator_project.srcs/sources_1/new/PulseWidthModulator.vhd"/>
        <Attr Name="ImportTime" Val="1647630722"/>
        <Attr Name="UsedIn" Val="synthesis"/>
        <Attr Name="UsedIn" Val="simulation"/>
      </FileInfo>
    </File>
    <File Path="$PSRCDIR/sources_1/new/KittLedPWM.vhd">
      <FileInfo>
        <Attr Name="ImportPath" Val="$PPRDIR/../../../../VivadoProjects_ElectronicsEngineering/LAB1_KittLED_PWM_proj/LAB1_KittLED_PWM_proj.srcs/sources_1/new/KittLedPWM.vhd"/>
        <Attr Name="ImportTime" Val="1649544989"/>
        <Attr Name="UsedIn" Val="synthesis"/>
        <Attr Name="UsedIn" Val="simulation"/>
      </FileInfo>
    </File>
    <Config>
      <Option Name="DesignMode" Val="RTL"/>
      <Option Name="TopModule" Val="KittLedPWM"/>
      <Option Name="TopAutoSet" Val="TRUE"/>
    </Config>
  </FileSet>
  <FileSet Name="constrs_in" Type="Constrs" RelSrcDir="$PSRCDIR/constrs_1">
    <Filter Type="Constrs"/>
    <File Path="$PSRCDIR/constrs_1/imports/Downloads/constr_v1.xdc">
      <FileInfo>
        <Attr Name="ImportPath" Val="$PPRDIR/../../../../../../Users/kekko/Downloads/constr_v1.xdc"/>
        <Attr Name="ImportTime" Val="1648915301"/>
        <Attr Name="UsedIn" Val="synthesis"/>
        <Attr Name="UsedIn" Val="implementation"/>
      </FileInfo>
    </File>
    <Config>
      <Option Name="ConstrsType" Val="XDC"/>
    </Config>
  </FileSet>
  <FileSet Name="utils" Type="Utils" RelSrcDir="$PSRCDIR/utils_1">
    <Filter Type="Utils"/>
    <Config>
      <Option Name="TopAutoSet" Val="TRUE"/>
    </Config>
  </FileSet>
  <Strategy Version="1" Minor="2">
    <StratHandle Name="Vivado Synthesis Defaults" Flow="Vivado Synthesis 2020"/>
    <Step Id="synth_design">
      <Option Id="Assert">1</Option>
    </Step>
  </Strategy>
</GenRun>
