<?xml version="1.0" encoding="UTF-8"?>
<GenRun Id="synth_1" LaunchPart="xc7a35tcpg236-1" LaunchTime="1653838584">
  <File Type="PA-TCL" Name="audio_console_wrapper.tcl"/>
  <File Type="REPORTS-TCL" Name="audio_console_wrapper_reports.tcl"/>
  <File Type="RDS-RDS" Name="audio_console_wrapper.vds"/>
  <File Type="RDS-UTIL" Name="audio_console_wrapper_utilization_synth.rpt"/>
  <File Type="RDS-UTIL-PB" Name="audio_console_wrapper_utilization_synth.pb"/>
  <File Type="RDS-DCP" Name="audio_console_wrapper.dcp"/>
  <FileSet Name="sources" Type="DesignSrcs" RelSrcDir="$PSRCDIR/sources_1" RelGenDir="$PGENDIR/sources_1">
    <Filter Type="Srcs"/>
    <File Path="$PSRCDIR/sources_1/imports/LAB3/digilent_jstk2_encrypted.vhd">
      <FileInfo>
        <Attr Name="ImportPath" Val="$PPRDIR/../../../../MS_Electronics/DESD/Laboratories/LAB3/digilent_jstk2_encrypted.vhd"/>
        <Attr Name="ImportTime" Val="1652628815"/>
        <Attr Name="UsedIn" Val="synthesis"/>
        <Attr Name="UsedIn" Val="simulation"/>
      </FileInfo>
    </File>
    <File Path="$PSRCDIR/sources_1/new/debouncer.vhd">
      <FileInfo>
        <Attr Name="ImportPath" Val="$PPRDIR/../../../../LAB3_Audio_Console/LAB3_Audio_Console.srcs/sources_1/new/debouncer.vhd"/>
        <Attr Name="ImportTime" Val="1653128538"/>
        <Attr Name="UsedIn" Val="synthesis"/>
        <Attr Name="UsedIn" Val="simulation"/>
      </FileInfo>
    </File>
    <File Path="$PSRCDIR/sources_1/new/edge_detector.vhd">
      <FileInfo>
        <Attr Name="ImportPath" Val="$PPRDIR/../../../../LAB3_Audio_Console/LAB3_Audio_Console.srcs/sources_1/new/edge_detector.vhd"/>
        <Attr Name="ImportTime" Val="1653128538"/>
        <Attr Name="UsedIn" Val="synthesis"/>
        <Attr Name="UsedIn" Val="simulation"/>
      </FileInfo>
    </File>
    <File Path="$PSRCDIR/sources_1/new/led_controller.vhd">
      <FileInfo>
        <Attr Name="ImportPath" Val="$PPRDIR/../../../../LAB3_Audio_Console/LAB3_Audio_Console.srcs/sources_1/new/led_controller.vhd"/>
        <Attr Name="ImportTime" Val="1653141175"/>
        <Attr Name="UsedIn" Val="synthesis"/>
        <Attr Name="UsedIn" Val="simulation"/>
      </FileInfo>
    </File>
    <File Path="$PSRCDIR/sources_1/new/mute.vhd">
      <FileInfo>
        <Attr Name="ImportPath" Val="$PPRDIR/../../../../LAB3_Audio_Console/LAB3_Audio_Console.srcs/sources_1/new/mute.vhd"/>
        <Attr Name="ImportTime" Val="1653141276"/>
        <Attr Name="UsedIn" Val="synthesis"/>
        <Attr Name="UsedIn" Val="simulation"/>
      </FileInfo>
    </File>
    <File Path="$PSRCDIR/sources_1/new/balance_controller.vhd">
      <FileInfo>
        <Attr Name="ImportPath" Val="$PPRDIR/../../../../LAB3_Audio_Console/LAB3_Audio_Console.srcs/sources_1/new/balance_controller.vhd"/>
        <Attr Name="ImportTime" Val="1653205273"/>
        <Attr Name="UsedIn" Val="synthesis"/>
        <Attr Name="UsedIn" Val="simulation"/>
      </FileInfo>
    </File>
    <File Path="$PSRCDIR/sources_1/new/volume_controller.vhd">
      <FileInfo>
        <Attr Name="ImportPath" Val="$PPRDIR/../../../../LAB3_Audio_Console/LAB3_Audio_Console.srcs/sources_1/new/volume_controller.vhd"/>
        <Attr Name="ImportTime" Val="1653205242"/>
        <Attr Name="UsedIn" Val="synthesis"/>
        <Attr Name="UsedIn" Val="simulation"/>
      </FileInfo>
    </File>
    <File Path="$PSRCDIR/sources_1/new/dual_moving_average.vhd">
      <FileInfo>
        <Attr Name="ImportPath" Val="$PPRDIR/../../../../LAB3_Audio_Console/LAB3_Audio_Console.srcs/sources_1/new/dual_moving_average.vhd"/>
        <Attr Name="ImportTime" Val="1653147025"/>
        <Attr Name="UsedIn" Val="synthesis"/>
        <Attr Name="UsedIn" Val="simulation"/>
      </FileInfo>
    </File>
    <File Path="$PSRCDIR/sources_1/bd/audio_console/audio_console.bd">
      <FileInfo>
        <Attr Name="ImportPath" Val="$PPRDIR/../../../../LAB3_Audio_Console/LAB3_Audio_Console.srcs/sources_1/bd/audio_console/audio_console.bd"/>
        <Attr Name="ImportTime" Val="1653206313"/>
        <Attr Name="UsedIn" Val="synthesis"/>
        <Attr Name="UsedIn" Val="implementation"/>
        <Attr Name="UsedIn" Val="simulation"/>
      </FileInfo>
    </File>
    <File Path="$PSRCDIR/sources_1/imports/audio_console_wrapper.vhd">
      <FileInfo>
        <Attr Name="ImportPath" Val="$PPRDIR/../../../../LAB3_Audio_Console/LAB3_Audio_Console.gen/sources_1/bd/audio_console/hdl/audio_console_wrapper.vhd"/>
        <Attr Name="ImportTime" Val="1653144329"/>
        <Attr Name="UsedIn" Val="synthesis"/>
        <Attr Name="UsedIn" Val="simulation"/>
      </FileInfo>
    </File>
    <File Path="$PSRCDIR/sources_1/imports/LAB3_Audio_Console/archive_project_summary.txt">
      <FileInfo>
        <Attr Name="ImportPath" Val="$PPRDIR/../../../Downloads/LAB3_Audio_Console.xpr/LAB3_Audio_Console/archive_project_summary.txt"/>
        <Attr Name="ImportTime" Val="1653407216"/>
      </FileInfo>
    </File>
    <Config>
      <Option Name="DesignMode" Val="RTL"/>
      <Option Name="TopModule" Val="audio_console_wrapper"/>
    </Config>
  </FileSet>
  <FileSet Name="constrs_in" Type="Constrs" RelSrcDir="$PSRCDIR/constrs_1">
    <Filter Type="Constrs"/>
    <File Path="$PSRCDIR/constrs_1/new/IO.xdc">
      <FileInfo>
        <Attr Name="ImportPath" Val="$PPRDIR/../../../LAB3_Audio_Console/LAB3_Audio_Console.srcs/constrs_1/new/IO.xdc"/>
        <Attr Name="ImportTime" Val="1653256151"/>
        <Attr Name="UsedIn" Val="synthesis"/>
        <Attr Name="UsedIn" Val="implementation"/>
      </FileInfo>
    </File>
    <Config>
      <Option Name="TargetConstrsFile" Val="$PSRCDIR/constrs_1/new/IO.xdc"/>
      <Option Name="ConstrsType" Val="XDC"/>
    </Config>
  </FileSet>
  <FileSet Name="utils" Type="Utils" RelSrcDir="$PSRCDIR/utils_1">
    <Filter Type="Utils"/>
    <Config>
      <Option Name="TopAutoSet" Val="TRUE"/>
    </Config>
  </FileSet>
  <Strategy Version="1" Minor="2">
    <StratHandle Name="Vivado Synthesis Defaults" Flow="Vivado Synthesis 2020"/>
    <Step Id="synth_design"/>
  </Strategy>
  <BlockFileSet Type="BlockSrcs" Name="audio_console_debouncer_1_0"/>
  <BlockFileSet Type="BlockSrcs" Name="audio_console_led_controller_0_0"/>
  <BlockFileSet Type="BlockSrcs" Name="audio_console_volume_controller_0_0"/>
  <BlockFileSet Type="BlockSrcs" Name="audio_console_balance_controller_0_0"/>
  <BlockFileSet Type="BlockSrcs" Name="audio_console_debouncer_0_0"/>
  <BlockFileSet Type="BlockSrcs" Name="audio_console_edge_detector_1_0"/>
  <BlockFileSet Type="BlockSrcs" Name="audio_console_digilent_jstk2_0_0"/>
  <BlockFileSet Type="BlockSrcs" Name="audio_console_axis_dual_i2s_0_0"/>
  <BlockFileSet Type="BlockSrcs" Name="audio_console_mute_0_1"/>
  <BlockFileSet Type="BlockSrcs" Name="audio_console_dual_moving_average_0_0"/>
  <BlockFileSet Type="BlockSrcs" Name="audio_console_edge_detector_0_0"/>
</GenRun>
