<?xml version="1.0" encoding="UTF-8"?>
<GenRun Id="impl_1" LaunchPart="xc7a35tcpg236-1" LaunchTime="1649545336">
  <File Type="ROUTE-PWR" Name="KittLedPWM_power_routed.rpt"/>
  <File Type="PA-TCL" Name="KittLedPWM.tcl"/>
  <File Type="ROUTE-PWR-SUM" Name="KittLedPWM_power_summary_routed.pb"/>
  <File Type="REPORTS-TCL" Name="KittLedPWM_reports.tcl"/>
  <File Type="BITSTR-MSK" Name="KittLedPWM.msk"/>
  <File Type="ROUTE-CLK" Name="KittLedPWM_clock_utilization_routed.rpt"/>
  <File Type="RDI-RDI" Name="KittLedPWM.vdi"/>
  <File Type="BG-BIT" Name="KittLedPWM.bit"/>
  <File Type="BG-DRC" Name="KittLedPWM.drc"/>
  <File Type="BG-BGN" Name="KittLedPWM.bgn"/>
  <File Type="BG-BIN" Name="KittLedPWM.bin"/>
  <File Type="BITSTR-RBT" Name="KittLedPWM.rbt"/>
  <File Type="BITSTR-NKY" Name="KittLedPWM.nky"/>
  <File Type="BITSTR-BMM" Name="KittLedPWM_bd.bmm"/>
  <File Type="ROUTE-METHODOLOGY-DRC" Name="KittLedPWM_methodology_drc_routed.rpt"/>
  <File Type="BITSTR-MMI" Name="KittLedPWM.mmi"/>
  <File Type="ROUTE-METHODOLOGY-DRC-PB" Name="KittLedPWM_methodology_drc_routed.pb"/>
  <File Type="BITSTR-SYSDEF" Name="KittLedPWM.sysdef"/>
  <File Type="ROUTE-DRC-RPX" Name="KittLedPWM_drc_routed.rpx"/>
  <File Type="BITSTR-LTX" Name="debug_nets.ltx"/>
  <File Type="BITSTR-LTX" Name="KittLedPWM.ltx"/>
  <File Type="RCFI_FILE" Name="KittLedPWM.rcfi"/>
  <File Type="WBT-USG" Name="usage_statistics_webtalk.html"/>
  <File Type="OPT-DRC" Name="KittLedPWM_drc_opted.rpt"/>
  <File Type="OPT-HWDEF" Name="KittLedPWM.hwdef"/>
  <File Type="PLACE-IO" Name="KittLedPWM_io_placed.rpt"/>
  <File Type="PLACE-UTIL" Name="KittLedPWM_utilization_placed.rpt"/>
  <File Type="PLACE-UTIL-PB" Name="KittLedPWM_utilization_placed.pb"/>
  <File Type="PLACE-CTRL" Name="KittLedPWM_control_sets_placed.rpt"/>
  <File Type="PLACE-PRE-SIMILARITY" Name="KittLedPWM_incremental_reuse_pre_placed.rpt"/>
  <File Type="ROUTE-DRC" Name="KittLedPWM_drc_routed.rpt"/>
  <File Type="ROUTE-DRC-PB" Name="KittLedPWM_drc_routed.pb"/>
  <File Type="ROUTE-PWR-RPX" Name="KittLedPWM_power_routed.rpx"/>
  <File Type="ROUTE-STATUS" Name="KittLedPWM_route_status.rpt"/>
  <File Type="ROUTE-STATUS-PB" Name="KittLedPWM_route_status.pb"/>
  <File Type="ROUTE-DCP" Name="KittLedPWM_routed.dcp"/>
  <File Type="ROUTE-ERROR-DCP" Name="KittLedPWM_routed_error.dcp"/>
  <File Type="ROUTE-BLACKBOX-DCP" Name="KittLedPWM_routed_bb.dcp"/>
  <File Type="ROUTE-TIMINGSUMMARY" Name="KittLedPWM_timing_summary_routed.rpt"/>
  <File Type="ROUTE-TIMING-PB" Name="KittLedPWM_timing_summary_routed.pb"/>
  <File Type="ROUTE-TIMING-RPX" Name="KittLedPWM_timing_summary_routed.rpx"/>
  <File Type="ROUTE-BUS-SKEW" Name="KittLedPWM_bus_skew_routed.rpt"/>
  <File Type="ROUTE-BUS-SKEW-PB" Name="KittLedPWM_bus_skew_routed.pb"/>
  <File Type="ROUTE-BUS-SKEW-RPX" Name="KittLedPWM_bus_skew_routed.rpx"/>
  <File Type="OPT-DCP" Name="KittLedPWM_opt.dcp"/>
  <File Type="PLACE-DCP" Name="KittLedPWM_placed.dcp"/>
  <File Type="PWROPT-DCP" Name="KittLedPWM_pwropt.dcp"/>
  <File Type="POSTPLACE-PWROPT-DCP" Name="KittLedPWM_postplace_pwropt.dcp"/>
  <File Type="PHYSOPT-DCP" Name="KittLedPWM_physopt.dcp"/>
  <File Type="POSTROUTE-PHYSOPT-DCP" Name="KittLedPWM_postroute_physopt.dcp"/>
  <File Type="POSTROUTE-PHYSOPT-BLACKBOX-DCP" Name="KittLedPWM_postroute_physopt_bb.dcp"/>
  <File Type="ROUTE-METHODOLOGY-DRC-RPX" Name="KittLedPWM_methodology_drc_routed.rpx"/>
  <File Type="PDI-FILE" Name="KittLedPWM.pdi"/>
  <File Type="CFI_FILE" Name="KittLedPWM.cfi"/>
  <File Type="RNPI_FILE" Name="KittLedPWM.rnpi"/>
  <File Type="NPI_FILE" Name="KittLedPWM.npi"/>
  <File Type="RBD_FILE" Name="KittLedPWM.rbd"/>
  <FileSet Name="sources" Type="DesignSrcs" RelSrcDir="$PSRCDIR/sources_1" RelGenDir="$PGENDIR/sources_1">
    <Filter Type="Srcs"/>
    <File Path="$PSRCDIR/sources_1/imports/new/KittCar.vhd">
      <FileInfo>
        <Attr Name="ImportPath" Val="$PPRDIR/../../../../../Test_Kitt/Test_Kitt.srcs/sources_1/imports/new/KittCar.vhd"/>
        <Attr Name="ImportTime" Val="1648931535"/>
        <Attr Name="UsedIn" Val="synthesis"/>
        <Attr Name="UsedIn" Val="simulation"/>
      </FileInfo>
    </File>
    <File Path="$PSRCDIR/sources_1/imports/new/Kitt_Counter.vhd">
      <FileInfo>
        <Attr Name="ImportPath" Val="$PPRDIR/../../../../VivadoProjects_ElectronicsEngineering/LAB1_KittLED_PWM_proj/LAB1_KittLED_PWM_proj.srcs/sources_1/imports/new/Kitt_Counter.vhd"/>
        <Attr Name="ImportTime" Val="1649545163"/>
        <Attr Name="UsedIn" Val="synthesis"/>
        <Attr Name="UsedIn" Val="simulation"/>
      </FileInfo>
    </File>
    <File Path="$PSRCDIR/sources_1/imports/new/PulseWidthModulator.vhd">
      <FileInfo>
        <Attr Name="ImportPath" Val="$PPRDIR/../../../../../LAB0_PulseWidthModulator_project/LAB0_PulseWidthModulator_project.srcs/sources_1/new/PulseWidthModulator.vhd"/>
        <Attr Name="ImportTime" Val="1647630722"/>
        <Attr Name="UsedIn" Val="synthesis"/>
        <Attr Name="UsedIn" Val="simulation"/>
      </FileInfo>
    </File>
    <File Path="$PSRCDIR/sources_1/new/KittLedPWM.vhd">
      <FileInfo>
        <Attr Name="ImportPath" Val="$PPRDIR/../../../../VivadoProjects_ElectronicsEngineering/LAB1_KittLED_PWM_proj/LAB1_KittLED_PWM_proj.srcs/sources_1/new/KittLedPWM.vhd"/>
        <Attr Name="ImportTime" Val="1649544989"/>
        <Attr Name="UsedIn" Val="synthesis"/>
        <Attr Name="UsedIn" Val="simulation"/>
      </FileInfo>
    </File>
    <Config>
      <Option Name="DesignMode" Val="RTL"/>
      <Option Name="TopModule" Val="KittLedPWM"/>
      <Option Name="TopAutoSet" Val="TRUE"/>
    </Config>
  </FileSet>
  <FileSet Name="constrs_in" Type="Constrs" RelSrcDir="$PSRCDIR/constrs_1">
    <Filter Type="Constrs"/>
    <File Path="$PSRCDIR/constrs_1/imports/Downloads/constr_v1.xdc">
      <FileInfo>
        <Attr Name="ImportPath" Val="$PPRDIR/../../../../../../Users/kekko/Downloads/constr_v1.xdc"/>
        <Attr Name="ImportTime" Val="1648915301"/>
        <Attr Name="UsedIn" Val="synthesis"/>
        <Attr Name="UsedIn" Val="implementation"/>
      </FileInfo>
    </File>
    <Config>
      <Option Name="ConstrsType" Val="XDC"/>
    </Config>
  </FileSet>
  <FileSet Name="utils" Type="Utils" RelSrcDir="$PSRCDIR/utils_1">
    <Filter Type="Utils"/>
    <Config>
      <Option Name="TopAutoSet" Val="TRUE"/>
    </Config>
  </FileSet>
  <Strategy Version="1" Minor="2">
    <StratHandle Name="Vivado Implementation Defaults" Flow="Vivado Implementation 2020"/>
    <Step Id="init_design"/>
    <Step Id="opt_design"/>
    <Step Id="power_opt_design"/>
    <Step Id="place_design"/>
    <Step Id="post_place_power_opt_design"/>
    <Step Id="phys_opt_design"/>
    <Step Id="route_design"/>
    <Step Id="post_route_phys_opt_design"/>
    <Step Id="write_bitstream"/>
    <Step Id="write_device_image"/>
  </Strategy>
</GenRun>
