<?xml version="1.0" encoding="UTF-8"?>
<GenRun Id="synth_1" LaunchPart="xc7a35tcpg236-1" LaunchTime="1652480323">
  <File Type="PA-TCL" Name="design_inerface_wrapper.tcl"/>
  <File Type="REPORTS-TCL" Name="design_inerface_wrapper_reports.tcl"/>
  <File Type="RDS-RDS" Name="design_inerface_wrapper.vds"/>
  <File Type="RDS-UTIL" Name="design_inerface_wrapper_utilization_synth.rpt"/>
  <File Type="RDS-UTIL-PB" Name="design_inerface_wrapper_utilization_synth.pb"/>
  <File Type="RDS-DCP" Name="design_inerface_wrapper.dcp"/>
  <FileSet Name="sources" Type="DesignSrcs" RelSrcDir="$PSRCDIR/sources_1" RelGenDir="$PGENDIR/sources_1">
    <Filter Type="Srcs"/>
    <File Path="$PSRCDIR/sources_1/new/jstk_uart_bridge.vhd">
      <FileInfo>
        <Attr Name="ImportPath" Val="$PPRDIR/../../../../../Documents/Vivado/DESD/2021-2022/LAB 2/jstk2_interface/jstk2_interface.srcs/sources_1/new/jstk_uart_bridge.vhd"/>
        <Attr Name="ImportTime" Val="1651238351"/>
        <Attr Name="UsedIn" Val="synthesis"/>
        <Attr Name="UsedIn" Val="simulation"/>
      </FileInfo>
    </File>
    <File Path="$PSRCDIR/sources_1/new/digilent_jstk2.vhd">
      <FileInfo>
        <Attr Name="ImportPath" Val="$PPRDIR/../../../../../Documents/Vivado/DESD/2021-2022/LAB 2/jstk2_interface/jstk2_interface.srcs/sources_1/new/digilent_jstk2.vhd"/>
        <Attr Name="ImportTime" Val="1651238344"/>
        <Attr Name="UsedIn" Val="synthesis"/>
        <Attr Name="UsedIn" Val="simulation"/>
      </FileInfo>
    </File>
    <File Path="$PSRCDIR/sources_1/bd/design_inerface/design_inerface.bd">
      <FileInfo>
        <Attr Name="ImportPath" Val="$PPRDIR/../../LAB2_joystick_interface/jstk2_interface.srcs/sources_1/bd/design_inerface/design_inerface.bd"/>
        <Attr Name="ImportTime" Val="1652481731"/>
        <Attr Name="UsedIn" Val="synthesis"/>
        <Attr Name="UsedIn" Val="implementation"/>
        <Attr Name="UsedIn" Val="simulation"/>
      </FileInfo>
    </File>
    <File Path="$PSRCDIR/sources_1/imports/design_inerface_wrapper.vhd">
      <FileInfo>
        <Attr Name="ImportPath" Val="$PPRDIR/../../LAB2_joystick_interface/jstk2_interface.gen/sources_1/bd/design_inerface/hdl/design_inerface_wrapper.vhd"/>
        <Attr Name="ImportTime" Val="1652480317"/>
        <Attr Name="UsedIn" Val="synthesis"/>
        <Attr Name="UsedIn" Val="simulation"/>
      </FileInfo>
    </File>
    <File Path="$PSRCDIR/sources_1/imports/LAB2_joystick_interface/archive_project_summary.txt">
      <FileInfo>
        <Attr Name="ImportPath" Val="$PPRDIR/../../LAB2_joystick_interface/archive_project_summary.txt"/>
        <Attr Name="ImportTime" Val="1651492504"/>
      </FileInfo>
    </File>
    <Config>
      <Option Name="DesignMode" Val="RTL"/>
      <Option Name="TopModule" Val="design_inerface_wrapper"/>
      <Option Name="TopAutoSet" Val="TRUE"/>
    </Config>
  </FileSet>
  <FileSet Name="constrs_in" Type="Constrs" RelSrcDir="$PSRCDIR/constrs_1">
    <Filter Type="Constrs"/>
    <File Path="$PSRCDIR/constrs_1/new/io.xdc">
      <FileInfo>
        <Attr Name="ImportPath" Val="$PPRDIR/../../../../../Documents/Vivado/DESD/2021-2022/LAB 2/jstk2_interface/jstk2_interface.srcs/constrs_1/new/io.xdc"/>
        <Attr Name="ImportTime" Val="1651240230"/>
        <Attr Name="UsedIn" Val="synthesis"/>
        <Attr Name="UsedIn" Val="implementation"/>
      </FileInfo>
    </File>
    <Config>
      <Option Name="TargetConstrsFile" Val="$PSRCDIR/constrs_1/new/io.xdc"/>
      <Option Name="ConstrsType" Val="XDC"/>
    </Config>
  </FileSet>
  <FileSet Name="utils" Type="Utils" RelSrcDir="$PSRCDIR/utils_1">
    <Filter Type="Utils"/>
    <Config>
      <Option Name="TopAutoSet" Val="TRUE"/>
    </Config>
  </FileSet>
  <Strategy Version="1" Minor="2">
    <StratHandle Name="Vivado Synthesis Defaults" Flow="Vivado Synthesis 2020"/>
    <Step Id="synth_design"/>
  </Strategy>
  <BlockFileSet Type="BlockSrcs" Name="design_inerface_proc_sys_reset_0_0"/>
  <BlockFileSet Type="BlockSrcs" Name="design_inerface_axi4stream_spi_master_0_0"/>
  <BlockFileSet Type="BlockSrcs" Name="design_inerface_clk_wiz_0_0"/>
  <BlockFileSet Type="BlockSrcs" Name="design_inerface_AXI4Stream_UART_0_0"/>
  <BlockFileSet Type="BlockSrcs" Name="design_inerface_jstk_uart_bridge_0_0"/>
  <BlockFileSet Type="BlockSrcs" Name="design_inerface_digilent_jstk2_0_0"/>
</GenRun>
